id,target
0,-1.086253247
1,-0.905035714
2,-0.956928247
3,-1.25668738
4,1.148778247
5,-1.109178571
6,-0.546772727
7,0.522936364
8,0.422930195
9,1.928912013
,…
